{
    "constants": {
        "G": 1.0
    },
    "masses": [
        1.0,
        1.0,
        1.0
    ],
    "initial_conditions": [
        0.97000436,
        -0.24308753,
        0.0,
        0.46620368,
        0.43236573,
        0.0,
        -0.97000436,
        0.24308753,
        0.0,
        0.46620368,
        0.43236573,
        0.0,
        0.0,
        0.0,
        0.0,
        -0.93240737,
        -0.86473146,
        0.0
    ]
}